-- MySQL dump 10.13  Distrib 5.7.17, for Win64 (x86_64)
--
-- Host: 127.0.0.1    Database: proxy_db
-- ------------------------------------------------------
-- Server version	5.5.5-10.4.13-MariaDB

/*!40101 SET @OLD_CHARACTER_SET_CLIENT=@@CHARACTER_SET_CLIENT */;
/*!40101 SET @OLD_CHARACTER_SET_RESULTS=@@CHARACTER_SET_RESULTS */;
/*!40101 SET @OLD_COLLATION_CONNECTION=@@COLLATION_CONNECTION */;
/*!40101 SET NAMES utf8 */;
/*!40103 SET @OLD_TIME_ZONE=@@TIME_ZONE */;
/*!40103 SET TIME_ZONE='+00:00' */;
/*!40014 SET @OLD_UNIQUE_CHECKS=@@UNIQUE_CHECKS, UNIQUE_CHECKS=0 */;
/*!40014 SET @OLD_FOREIGN_KEY_CHECKS=@@FOREIGN_KEY_CHECKS, FOREIGN_KEY_CHECKS=0 */;
/*!40101 SET @OLD_SQL_MODE=@@SQL_MODE, SQL_MODE='NO_AUTO_VALUE_ON_ZERO' */;
/*!40111 SET @OLD_SQL_NOTES=@@SQL_NOTES, SQL_NOTES=0 */;

--
-- Table structure for table `anonymity`
--

DROP TABLE IF EXISTS `anonymity`;
/*!40101 SET @saved_cs_client     = @@character_set_client */;
/*!40101 SET character_set_client = utf8 */;
CREATE TABLE `anonymity` (
  `id` int(11) NOT NULL,
  `name` varchar(255) DEFAULT NULL,
  PRIMARY KEY (`id`)
) ENGINE=InnoDB DEFAULT CHARSET=utf8mb4;
/*!40101 SET character_set_client = @saved_cs_client */;

--
-- Dumping data for table `anonymity`
--

LOCK TABLES `anonymity` WRITE;
/*!40000 ALTER TABLE `anonymity` DISABLE KEYS */;
INSERT INTO `anonymity` VALUES (1,'Elite (L1)'),(2,'Anonym (L2)'),(3,'Transparent (L3)');
/*!40000 ALTER TABLE `anonymity` ENABLE KEYS */;
UNLOCK TABLES;

--
-- Table structure for table `country`
--

DROP TABLE IF EXISTS `country`;
/*!40101 SET @saved_cs_client     = @@character_set_client */;
/*!40101 SET character_set_client = utf8 */;
CREATE TABLE `country` (
  `id` int(11) NOT NULL AUTO_INCREMENT,
  `name` varchar(100) NOT NULL,
  `alpha2Code` varchar(2) DEFAULT NULL,
  `alpha3Code` varchar(3) DEFAULT NULL,
  `callingCode` varchar(5) DEFAULT NULL,
  `capital` varchar(100) DEFAULT NULL,
  `region` varchar(45) DEFAULT NULL,
  `timezone` varchar(50) DEFAULT NULL,
  `flag` varchar(150) NOT NULL,
  `lat` varchar(45) DEFAULT NULL,
  `lng` varchar(45) DEFAULT NULL,
  `currency_code` varchar(45) DEFAULT NULL,
  `currency_name` varchar(45) DEFAULT NULL,
  `currency_symbol` varchar(45) DEFAULT NULL,
  `calling_code` varchar(255) DEFAULT NULL,
  PRIMARY KEY (`id`)
) ENGINE=InnoDB AUTO_INCREMENT=251 DEFAULT CHARSET=utf8;
/*!40101 SET character_set_client = @saved_cs_client */;

--
-- Dumping data for table `country`
--

LOCK TABLES `country` WRITE;
/*!40000 ALTER TABLE `country` DISABLE KEYS */;
INSERT INTO `country` VALUES (1,'Afghanistan','AF','AFG','93','Kabul','Asia','UTC+04:30','https://restcountries.eu/data/afg.svg','33','65','AFN','Afghan afghani','؋',NULL),(2,'Åland Islands','AX','ALA','358','Mariehamn','Europe','UTC+02:00','https://restcountries.eu/data/ala.svg','60.116667','19.9','EUR','Euro','€',NULL),(3,'Albania','AL','ALB','355','Tirana','Europe','UTC+01:00','https://restcountries.eu/data/alb.svg','41','20','ALL','Albanian lek','L',NULL),(4,'Algeria','DZ','DZA','213','Algiers','Africa','UTC+01:00','https://restcountries.eu/data/dza.svg','28','3','DZD','Algerian dinar','د.ج',NULL),(5,'American Samoa','AS','ASM','1684','Pago Pago','Oceania','UTC-11:00','https://restcountries.eu/data/asm.svg','-14.33333333','-170','USD','United State Dollar','$',NULL),(6,'Andorra','AD','AND','376','Andorra la Vella','Europe','UTC+01:00','https://restcountries.eu/data/and.svg','42.5','1.5','EUR','Euro','€',NULL),(7,'Angola','AO','AGO','244','Luanda','Africa','UTC+01:00','https://restcountries.eu/data/ago.svg','-12.5','18.5','AOA','Angolan kwanza','Kz',NULL),(8,'Anguilla','AI','AIA','1264','The Valley','Americas','UTC-04:00','https://restcountries.eu/data/aia.svg','18.25','-63.16666666','XCD','East Caribbean dollar','$',NULL),(9,'Antarctica','AQ','ATA','672','','Polar','UTC-03:00','https://restcountries.eu/data/ata.svg','-74.65','4.48','AUD','Australian dollar','$',NULL),(10,'Antigua and Barbuda','AG','ATG','1268','Saint John\'s','Americas','UTC-04:00','https://restcountries.eu/data/atg.svg','17.05','-61.8','XCD','East Caribbean dollar','$',NULL),(11,'Argentina','AR','ARG','54','Buenos Aires','Americas','UTC-03:00','https://restcountries.eu/data/arg.svg','-34','-64','ARS','Argentine peso','$',NULL),(12,'Armenia','AM','ARM','374','Yerevan','Asia','UTC+04:00','https://restcountries.eu/data/arm.svg','40','45','AMD','Armenian dram','null',NULL),(13,'Aruba','AW','ABW','297','Oranjestad','Americas','UTC-04:00','https://restcountries.eu/data/abw.svg','12.5','-69.96666666','AWG','Aruban florin','ƒ',NULL),(14,'Australia','AU','AUS','61','Canberra','Oceania','UTC+05:00','https://restcountries.eu/data/aus.svg','-27','133','AUD','Australian dollar','$',NULL),(15,'Austria','AT','AUT','43','Vienna','Europe','UTC+01:00','https://restcountries.eu/data/aut.svg','47.33333333','13.33333333','EUR','Euro','€',NULL),(16,'Azerbaijan','AZ','AZE','994','Baku','Asia','UTC+04:00','https://restcountries.eu/data/aze.svg','40.5','47.5','AZN','Azerbaijani manat','null',NULL),(17,'Bahamas','BS','BHS','1242','Nassau','Americas','UTC-05:00','https://restcountries.eu/data/bhs.svg','24.25','-76','BSD','Bahamian dollar','$',NULL),(18,'Bahrain','BH','BHR','973','Manama','Asia','UTC+03:00','https://restcountries.eu/data/bhr.svg','26','50.55','BHD','Bahraini dinar','.د.ب',NULL),(19,'Bangladesh','BD','BGD','880','Dhaka','Asia','UTC+06:00','https://restcountries.eu/data/bgd.svg','24','90','BDT','Bangladeshi taka','৳',NULL),(20,'Barbados','BB','BRB','1246','Bridgetown','Americas','UTC-04:00','https://restcountries.eu/data/brb.svg','13.16666666','-59.53333333','BBD','Barbadian dollar','$',NULL),(21,'Belarus','BY','BLR','375','Minsk','Europe','UTC+03:00','https://restcountries.eu/data/blr.svg','53','28','BYN','New Belarusian ruble','Br',NULL),(22,'Belgium','BE','BEL','32','Brussels','Europe','UTC+01:00','https://restcountries.eu/data/bel.svg','50.83333333','4','EUR','Euro','€',NULL),(23,'Belize','BZ','BLZ','501','Belmopan','Americas','UTC-06:00','https://restcountries.eu/data/blz.svg','17.25','-88.75','BZD','Belize dollar','$',NULL),(24,'Benin','BJ','BEN','229','Porto-Novo','Africa','UTC+01:00','https://restcountries.eu/data/ben.svg','9.5','2.25','XOF','West African CFA franc','Fr',NULL),(25,'Bermuda','BM','BMU','1441','Hamilton','Americas','UTC-04:00','https://restcountries.eu/data/bmu.svg','32.33333333','-64.75','BMD','Bermudian dollar','$',NULL),(26,'Bhutan','BT','BTN','975','Thimphu','Asia','UTC+06:00','https://restcountries.eu/data/btn.svg','27.5','90.5','BTN','Bhutanese ngultrum','Nu.',NULL),(27,'Bolivia (Plurinational State of)','BO','BOL','591','Sucre','Americas','UTC-04:00','https://restcountries.eu/data/bol.svg','-17','-65','BOB','Bolivian boliviano','Bs.',NULL),(28,'Bonaire, Sint Eustatius and Saba','BQ','BES','5997','Kralendijk','Americas','UTC-04:00','https://restcountries.eu/data/bes.svg','12.15','-68.266667','USD','United States dollar','$',NULL),(29,'Bosnia and Herzegovina','BA','BIH','387','Sarajevo','Europe','UTC+01:00','https://restcountries.eu/data/bih.svg','44','18','BAM','Bosnia and Herzegovina convertible mark','null',NULL),(30,'Botswana','BW','BWA','267','Gaborone','Africa','UTC+02:00','https://restcountries.eu/data/bwa.svg','-22','24','BWP','Botswana pula','P',NULL),(31,'Bouvet Island','BV','BVT','','','','UTC+01:00','https://restcountries.eu/data/bvt.svg','-54.43333333','3.4','NOK','Norwegian krone','kr',NULL),(32,'Brazil','BR','BRA','55','Brasília','Americas','UTC-05:00','https://restcountries.eu/data/bra.svg','-10','-55','BRL','Brazilian real','R$',NULL),(33,'British Indian Ocean Territory','IO','IOT','246','Diego Garcia','Africa','UTC+06:00','https://restcountries.eu/data/iot.svg','-6','71.5','USD','United States dollar','$',NULL),(34,'United States Minor Outlying Islands','UM','UMI','','','Americas','UTC-11:00','https://restcountries.eu/data/umi.svg','undefined','undefined','USD','United States Dollar','$',NULL),(35,'Virgin Islands (British)','VG','VGB','1284','Road Town','Americas','UTC-04:00','https://restcountries.eu/data/vgb.svg','18.431383','-64.62305','null','[D]','$',NULL),(36,'Virgin Islands (U.S.)','VI','VIR','1 340','Charlotte Amalie','Americas','UTC-04:00','https://restcountries.eu/data/vir.svg','18.34','-64.93','USD','United States dollar','$',NULL),(37,'Brunei Darussalam','BN','BRN','673','Bandar Seri Begawan','Asia','UTC+08:00','https://restcountries.eu/data/brn.svg','4.5','114.66666666','BND','Brunei dollar','$',NULL),(38,'Bulgaria','BG','BGR','359','Sofia','Europe','UTC+02:00','https://restcountries.eu/data/bgr.svg','43','25','BGN','Bulgarian lev','лв',NULL),(39,'Burkina Faso','BF','BFA','226','Ouagadougou','Africa','UTC','https://restcountries.eu/data/bfa.svg','13','-2','XOF','West African CFA franc','Fr',NULL),(40,'Burundi','BI','BDI','257','Bujumbura','Africa','UTC+02:00','https://restcountries.eu/data/bdi.svg','-3.5','30','BIF','Burundian franc','Fr',NULL),(41,'Cambodia','KH','KHM','855','Phnom Penh','Asia','UTC+07:00','https://restcountries.eu/data/khm.svg','13','105','KHR','Cambodian riel','៛',NULL),(42,'Cameroon','CM','CMR','237','Yaoundé','Africa','UTC+01:00','https://restcountries.eu/data/cmr.svg','6','12','XAF','Central African CFA franc','Fr',NULL),(43,'Canada','CA','CAN','1','Ottawa','Americas','UTC-08:00','https://restcountries.eu/data/can.svg','60','-95','CAD','Canadian dollar','$',NULL),(44,'Cabo Verde','CV','CPV','238','Praia','Africa','UTC-01:00','https://restcountries.eu/data/cpv.svg','16','-24','CVE','Cape Verdean escudo','Esc',NULL),(45,'Cayman Islands','KY','CYM','1345','George Town','Americas','UTC-05:00','https://restcountries.eu/data/cym.svg','19.5','-80.5','KYD','Cayman Islands dollar','$',NULL),(46,'Central African Republic','CF','CAF','236','Bangui','Africa','UTC+01:00','https://restcountries.eu/data/caf.svg','7','21','XAF','Central African CFA franc','Fr',NULL),(47,'Chad','TD','TCD','235','N\'Djamena','Africa','UTC+01:00','https://restcountries.eu/data/tcd.svg','15','19','XAF','Central African CFA franc','Fr',NULL),(48,'Chile','CL','CHL','56','Santiago','Americas','UTC-06:00','https://restcountries.eu/data/chl.svg','-30','-71','CLP','Chilean peso','$',NULL),(49,'China','CN','CHN','86','Beijing','Asia','UTC+08:00','https://restcountries.eu/data/chn.svg','35','105','CNY','Chinese yuan','¥',NULL),(50,'Christmas Island','CX','CXR','61','Flying Fish Cove','Oceania','UTC+07:00','https://restcountries.eu/data/cxr.svg','-10.5','105.66666666','AUD','Australian dollar','$',NULL),(51,'Cocos (Keeling) Islands','CC','CCK','61','West Island','Oceania','UTC+06:30','https://restcountries.eu/data/cck.svg','-12.5','96.83333333','AUD','Australian dollar','$',NULL),(52,'Colombia','CO','COL','57','Bogotá','Americas','UTC-05:00','https://restcountries.eu/data/col.svg','4','-72','COP','Colombian peso','$',NULL),(53,'Comoros','KM','COM','269','Moroni','Africa','UTC+03:00','https://restcountries.eu/data/com.svg','-12.16666666','44.25','KMF','Comorian franc','Fr',NULL),(54,'Congo','CG','COG','242','Brazzaville','Africa','UTC+01:00','https://restcountries.eu/data/cog.svg','-1','15','XAF','Central African CFA franc','Fr',NULL),(55,'Congo (Democratic Republic of the)','CD','COD','243','Kinshasa','Africa','UTC+01:00','https://restcountries.eu/data/cod.svg','0','25','CDF','Congolese franc','Fr',NULL),(56,'Cook Islands','CK','COK','682','Avarua','Oceania','UTC-10:00','https://restcountries.eu/data/cok.svg','-21.23333333','-159.76666666','NZD','New Zealand dollar','$',NULL),(57,'Costa Rica','CR','CRI','506','San José','Americas','UTC-06:00','https://restcountries.eu/data/cri.svg','10','-84','CRC','Costa Rican colón','₡',NULL),(58,'Croatia','HR','HRV','385','Zagreb','Europe','UTC+01:00','https://restcountries.eu/data/hrv.svg','45.16666666','15.5','HRK','Croatian kuna','kn',NULL),(59,'Cuba','CU','CUB','53','Havana','Americas','UTC-05:00','https://restcountries.eu/data/cub.svg','21.5','-80','CUC','Cuban convertible peso','$',NULL),(60,'Curaçao','CW','CUW','599','Willemstad','Americas','UTC-04:00','https://restcountries.eu/data/cuw.svg','12.116667','-68.933333','ANG','Netherlands Antillean guilder','ƒ',NULL),(61,'Cyprus','CY','CYP','357','Nicosia','Europe','UTC+02:00','https://restcountries.eu/data/cyp.svg','35','33','EUR','Euro','€',NULL),(62,'Czech Republic','CZ','CZE','420','Prague','Europe','UTC+01:00','https://restcountries.eu/data/cze.svg','49.75','15.5','CZK','Czech koruna','Kč',NULL),(63,'Denmark','DK','DNK','45','Copenhagen','Europe','UTC-04:00','https://restcountries.eu/data/dnk.svg','56','10','DKK','Danish krone','kr',NULL),(64,'Djibouti','DJ','DJI','253','Djibouti','Africa','UTC+03:00','https://restcountries.eu/data/dji.svg','11.5','43','DJF','Djiboutian franc','Fr',NULL),(65,'Dominica','DM','DMA','1767','Roseau','Americas','UTC-04:00','https://restcountries.eu/data/dma.svg','15.41666666','-61.33333333','XCD','East Caribbean dollar','$',NULL),(66,'Dominican Republic','DO','DOM','1809','Santo Domingo','Americas','UTC-04:00','https://restcountries.eu/data/dom.svg','19','-70.66666666','DOP','Dominican peso','$',NULL),(67,'Ecuador','EC','ECU','593','Quito','Americas','UTC-06:00','https://restcountries.eu/data/ecu.svg','-2','-77.5','USD','United States dollar','$',NULL),(68,'Egypt','EG','EGY','20','Cairo','Africa','UTC+02:00','https://restcountries.eu/data/egy.svg','27','30','EGP','Egyptian pound','£',NULL),(69,'El Salvador','SV','SLV','503','San Salvador','Americas','UTC-06:00','https://restcountries.eu/data/slv.svg','13.83333333','-88.91666666','USD','United States dollar','$',NULL),(70,'Equatorial Guinea','GQ','GNQ','240','Malabo','Africa','UTC+01:00','https://restcountries.eu/data/gnq.svg','2','10','XAF','Central African CFA franc','Fr',NULL),(71,'Eritrea','ER','ERI','291','Asmara','Africa','UTC+03:00','https://restcountries.eu/data/eri.svg','15','39','ERN','Eritrean nakfa','Nfk',NULL),(72,'Estonia','EE','EST','372','Tallinn','Europe','UTC+02:00','https://restcountries.eu/data/est.svg','59','26','EUR','Euro','€',NULL),(73,'Ethiopia','ET','ETH','251','Addis Ababa','Africa','UTC+03:00','https://restcountries.eu/data/eth.svg','8','38','ETB','Ethiopian birr','Br',NULL),(74,'Falkland Islands (Malvinas)','FK','FLK','500','Stanley','Americas','UTC-04:00','https://restcountries.eu/data/flk.svg','-51.75','-59','FKP','Falkland Islands pound','£',NULL),(75,'Faroe Islands','FO','FRO','298','Tórshavn','Europe','UTC+00:00','https://restcountries.eu/data/fro.svg','62','-7','DKK','Danish krone','kr',NULL),(76,'Fiji','FJ','FJI','679','Suva','Oceania','UTC+12:00','https://restcountries.eu/data/fji.svg','-18','175','FJD','Fijian dollar','$',NULL),(77,'Finland','FI','FIN','358','Helsinki','Europe','UTC+02:00','https://restcountries.eu/data/fin.svg','64','26','EUR','Euro','€',NULL),(78,'France','FR','FRA','33','Paris','Europe','UTC-10:00','https://restcountries.eu/data/fra.svg','46','2','EUR','Euro','€',NULL),(79,'French Guiana','GF','GUF','594','Cayenne','Americas','UTC-03:00','https://restcountries.eu/data/guf.svg','4','-53','EUR','Euro','€',NULL),(80,'French Polynesia','PF','PYF','689','Papeetē','Oceania','UTC-10:00','https://restcountries.eu/data/pyf.svg','-15','-140','XPF','CFP franc','Fr',NULL),(81,'French Southern Territories','TF','ATF','','Port-aux-Français','Africa','UTC+05:00','https://restcountries.eu/data/atf.svg','-49.25','69.167','EUR','Euro','€',NULL),(82,'Gabon','GA','GAB','241','Libreville','Africa','UTC+01:00','https://restcountries.eu/data/gab.svg','-1','11.75','XAF','Central African CFA franc','Fr',NULL),(83,'Gambia','GM','GMB','220','Banjul','Africa','UTC+00:00','https://restcountries.eu/data/gmb.svg','13.46666666','-16.56666666','GMD','Gambian dalasi','D',NULL),(84,'Georgia','GE','GEO','995','Tbilisi','Asia','UTC-05:00','https://restcountries.eu/data/geo.svg','42','43.5','GEL','Georgian Lari','ლ',NULL),(85,'Germany','DE','DEU','49','Berlin','Europe','UTC+01:00','https://restcountries.eu/data/deu.svg','51','9','EUR','Euro','€',NULL),(86,'Ghana','GH','GHA','233','Accra','Africa','UTC','https://restcountries.eu/data/gha.svg','8','-2','GHS','Ghanaian cedi','₵',NULL),(87,'Gibraltar','GI','GIB','350','Gibraltar','Europe','UTC+01:00','https://restcountries.eu/data/gib.svg','36.13333333','-5.35','GIP','Gibraltar pound','£',NULL),(88,'Greece','GR','GRC','30','Athens','Europe','UTC+02:00','https://restcountries.eu/data/grc.svg','39','22','EUR','Euro','€',NULL),(89,'Greenland','GL','GRL','299','Nuuk','Americas','UTC-04:00','https://restcountries.eu/data/grl.svg','72','-40','DKK','Danish krone','kr',NULL),(90,'Grenada','GD','GRD','1473','St. George\'s','Americas','UTC-04:00','https://restcountries.eu/data/grd.svg','12.11666666','-61.66666666','XCD','East Caribbean dollar','$',NULL),(91,'Guadeloupe','GP','GLP','590','Basse-Terre','Americas','UTC-04:00','https://restcountries.eu/data/glp.svg','16.25','-61.583333','EUR','Euro','€',NULL),(92,'Guam','GU','GUM','1671','Hagåtña','Oceania','UTC+10:00','https://restcountries.eu/data/gum.svg','13.46666666','144.78333333','USD','United States dollar','$',NULL),(93,'Guatemala','GT','GTM','502','Guatemala City','Americas','UTC-06:00','https://restcountries.eu/data/gtm.svg','15.5','-90.25','GTQ','Guatemalan quetzal','Q',NULL),(94,'Guernsey','GG','GGY','44','St. Peter Port','Europe','UTC+00:00','https://restcountries.eu/data/ggy.svg','49.46666666','-2.58333333','GBP','British pound','£',NULL),(95,'Guinea','GN','GIN','224','Conakry','Africa','UTC','https://restcountries.eu/data/gin.svg','11','-10','GNF','Guinean franc','Fr',NULL),(96,'Guinea-Bissau','GW','GNB','245','Bissau','Africa','UTC','https://restcountries.eu/data/gnb.svg','12','-15','XOF','West African CFA franc','Fr',NULL),(97,'Guyana','GY','GUY','592','Georgetown','Americas','UTC-04:00','https://restcountries.eu/data/guy.svg','5','-59','GYD','Guyanese dollar','$',NULL),(98,'Haiti','HT','HTI','509','Port-au-Prince','Americas','UTC-05:00','https://restcountries.eu/data/hti.svg','19','-72.41666666','HTG','Haitian gourde','G',NULL),(99,'Heard Island and McDonald Islands','HM','HMD','','','','UTC+05:00','https://restcountries.eu/data/hmd.svg','-53.1','72.51666666','AUD','Australian dollar','$',NULL),(100,'Holy See','VA','VAT','379','Rome','Europe','UTC+01:00','https://restcountries.eu/data/vat.svg','41.9','12.45','EUR','Euro','€',NULL),(101,'Honduras','HN','HND','504','Tegucigalpa','Americas','UTC-06:00','https://restcountries.eu/data/hnd.svg','15','-86.5','HNL','Honduran lempira','L',NULL),(102,'Hong Kong','HK','HKG','852','City of Victoria','Asia','UTC+08:00','https://restcountries.eu/data/hkg.svg','22.25','114.16666666','HKD','Hong Kong dollar','$',NULL),(103,'Hungary','HU','HUN','36','Budapest','Europe','UTC+01:00','https://restcountries.eu/data/hun.svg','47','20','HUF','Hungarian forint','Ft',NULL),(104,'Iceland','IS','ISL','354','Reykjavík','Europe','UTC','https://restcountries.eu/data/isl.svg','65','-18','ISK','Icelandic króna','kr',NULL),(105,'India','IN','IND','91','New Delhi','Asia','UTC+05:30','https://restcountries.eu/data/ind.svg','20','77','INR','Indian rupee','₹',NULL),(106,'Indonesia','ID','IDN','62','Jakarta','Asia','UTC+07:00','https://restcountries.eu/data/idn.svg','-5','120','IDR','Indonesian rupiah','Rp',NULL),(107,'Côte d\'Ivoire','CI','CIV','225','Yamoussoukro','Africa','UTC','https://restcountries.eu/data/civ.svg','8','-5','XOF','West African CFA franc','Fr',NULL),(108,'Iran','IR','IRN','98','Tehran','Asia','UTC+03:30','https://restcountries.eu/data/irn.svg','32','53','IRR','Iranian rial','﷼',NULL),(109,'Iraq','IQ','IRQ','964','Baghdad','Asia','UTC+03:00','https://restcountries.eu/data/irq.svg','33','44','IQD','Iraqi dinar','ع.د',NULL),(110,'Ireland','IE','IRL','353','Dublin','Europe','UTC','https://restcountries.eu/data/irl.svg','53','-8','EUR','Euro','€',NULL),(111,'Isle of Man','IM','IMN','44','Douglas','Europe','UTC+00:00','https://restcountries.eu/data/imn.svg','54.25','-4.5','GBP','British pound','£',NULL),(112,'Israel','IL','ISR','972','Jerusalem','Asia','UTC+02:00','https://restcountries.eu/data/isr.svg','31.5','34.75','ILS','Israeli new shekel','₪',NULL),(113,'Italy','IT','ITA','39','Rome','Europe','UTC+01:00','https://restcountries.eu/data/ita.svg','42.83333333','12.83333333','EUR','Euro','€',NULL),(114,'Jamaica','JM','JAM','1876','Kingston','Americas','UTC-05:00','https://restcountries.eu/data/jam.svg','18.25','-77.5','JMD','Jamaican dollar','$',NULL),(115,'Japan','JP','JPN','81','Tokyo','Asia','UTC+09:00','https://restcountries.eu/data/jpn.svg','36','138','JPY','Japanese yen','¥',NULL),(116,'Jersey','JE','JEY','44','Saint Helier','Europe','UTC+01:00','https://restcountries.eu/data/jey.svg','49.25','-2.16666666','GBP','British pound','£',NULL),(117,'Jordan','JO','JOR','962','Amman','Asia','UTC+03:00','https://restcountries.eu/data/jor.svg','31','36','JOD','Jordanian dinar','د.ا',NULL),(118,'Kazakhstan','KZ','KAZ','76','Astana','Asia','UTC+05:00','https://restcountries.eu/data/kaz.svg','48','68','KZT','Kazakhstani tenge','null',NULL),(119,'Kenya','KE','KEN','254','Nairobi','Africa','UTC+03:00','https://restcountries.eu/data/ken.svg','1','38','KES','Kenyan shilling','Sh',NULL),(120,'Kiribati','KI','KIR','686','South Tarawa','Oceania','UTC+12:00','https://restcountries.eu/data/kir.svg','1.41666666','173','AUD','Australian dollar','$',NULL),(121,'Kuwait','KW','KWT','965','Kuwait City','Asia','UTC+03:00','https://restcountries.eu/data/kwt.svg','29.5','45.75','KWD','Kuwaiti dinar','د.ك',NULL),(122,'Kyrgyzstan','KG','KGZ','996','Bishkek','Asia','UTC+06:00','https://restcountries.eu/data/kgz.svg','41','75','KGS','Kyrgyzstani som','с',NULL),(123,'Lao People\'s Democratic Republic','LA','LAO','856','Vientiane','Asia','UTC+07:00','https://restcountries.eu/data/lao.svg','18','105','LAK','Lao kip','₭',NULL),(124,'Latvia','LV','LVA','371','Riga','Europe','UTC+02:00','https://restcountries.eu/data/lva.svg','57','25','EUR','Euro','€',NULL),(125,'Lebanon','LB','LBN','961','Beirut','Asia','UTC+02:00','https://restcountries.eu/data/lbn.svg','33.83333333','35.83333333','LBP','Lebanese pound','ل.ل',NULL),(126,'Lesotho','LS','LSO','266','Maseru','Africa','UTC+02:00','https://restcountries.eu/data/lso.svg','-29.5','28.5','LSL','Lesotho loti','L',NULL),(127,'Liberia','LR','LBR','231','Monrovia','Africa','UTC','https://restcountries.eu/data/lbr.svg','6.5','-9.5','LRD','Liberian dollar','$',NULL),(128,'Libya','LY','LBY','218','Tripoli','Africa','UTC+01:00','https://restcountries.eu/data/lby.svg','25','17','LYD','Libyan dinar','ل.د',NULL),(129,'Liechtenstein','LI','LIE','423','Vaduz','Europe','UTC+01:00','https://restcountries.eu/data/lie.svg','47.26666666','9.53333333','CHF','Swiss franc','Fr',NULL),(130,'Lithuania','LT','LTU','370','Vilnius','Europe','UTC+02:00','https://restcountries.eu/data/ltu.svg','56','24','EUR','Euro','€',NULL),(131,'Luxembourg','LU','LUX','352','Luxembourg','Europe','UTC+01:00','https://restcountries.eu/data/lux.svg','49.75','6.16666666','EUR','Euro','€',NULL),(132,'Macao','MO','MAC','853','','Asia','UTC+08:00','https://restcountries.eu/data/mac.svg','22.16666666','113.55','MOP','Macanese pataca','P',NULL),(133,'Macedonia (the former Yugoslav Republic of)','MK','MKD','389','Skopje','Europe','UTC+01:00','https://restcountries.eu/data/mkd.svg','41.83333333','22','MKD','Macedonian denar','ден',NULL),(134,'Madagascar','MG','MDG','261','Antananarivo','Africa','UTC+03:00','https://restcountries.eu/data/mdg.svg','-20','47','MGA','Malagasy ariary','Ar',NULL),(135,'Malawi','MW','MWI','265','Lilongwe','Africa','UTC+02:00','https://restcountries.eu/data/mwi.svg','-13.5','34','MWK','Malawian kwacha','MK',NULL),(136,'Malaysia','MY','MYS','60','Kuala Lumpur','Asia','UTC+08:00','https://restcountries.eu/data/mys.svg','2.5','112.5','MYR','Malaysian ringgit','RM',NULL),(137,'Maldives','MV','MDV','960','Malé','Asia','UTC+05:00','https://restcountries.eu/data/mdv.svg','3.25','73','MVR','Maldivian rufiyaa','.ރ',NULL),(138,'Mali','ML','MLI','223','Bamako','Africa','UTC','https://restcountries.eu/data/mli.svg','17','-4','XOF','West African CFA franc','Fr',NULL),(139,'Malta','MT','MLT','356','Valletta','Europe','UTC+01:00','https://restcountries.eu/data/mlt.svg','35.83333333','14.58333333','EUR','Euro','€',NULL),(140,'Marshall Islands','MH','MHL','692','Majuro','Oceania','UTC+12:00','https://restcountries.eu/data/mhl.svg','9','168','USD','United States dollar','$',NULL),(141,'Martinique','MQ','MTQ','596','Fort-de-France','Americas','UTC-04:00','https://restcountries.eu/data/mtq.svg','14.666667','-61','EUR','Euro','€',NULL),(142,'Mauritania','MR','MRT','222','Nouakchott','Africa','UTC','https://restcountries.eu/data/mrt.svg','20','-12','MRO','Mauritanian ouguiya','UM',NULL),(143,'Mauritius','MU','MUS','230','Port Louis','Africa','UTC+04:00','https://restcountries.eu/data/mus.svg','-20.28333333','57.55','MUR','Mauritian rupee','₨',NULL),(144,'Mayotte','YT','MYT','262','Mamoudzou','Africa','UTC+03:00','https://restcountries.eu/data/myt.svg','-12.83333333','45.16666666','EUR','Euro','€',NULL),(145,'Mexico','MX','MEX','52','Mexico City','Americas','UTC-08:00','https://restcountries.eu/data/mex.svg','23','-102','MXN','Mexican peso','$',NULL),(146,'Micronesia (Federated States of)','FM','FSM','691','Palikir','Oceania','UTC+10:00','https://restcountries.eu/data/fsm.svg','6.91666666','158.25','null','[D]','$',NULL),(147,'Moldova (Republic of)','MD','MDA','373','Chișinău','Europe','UTC+02:00','https://restcountries.eu/data/mda.svg','47','29','MDL','Moldovan leu','L',NULL),(148,'Monaco','MC','MCO','377','Monaco','Europe','UTC+01:00','https://restcountries.eu/data/mco.svg','43.73333333','7.4','EUR','Euro','€',NULL),(149,'Mongolia','MN','MNG','976','Ulan Bator','Asia','UTC+07:00','https://restcountries.eu/data/mng.svg','46','105','MNT','Mongolian tögrög','₮',NULL),(150,'Montenegro','ME','MNE','382','Podgorica','Europe','UTC+01:00','https://restcountries.eu/data/mne.svg','42.5','19.3','EUR','Euro','€',NULL),(151,'Montserrat','MS','MSR','1664','Plymouth','Americas','UTC-04:00','https://restcountries.eu/data/msr.svg','16.75','-62.2','XCD','East Caribbean dollar','$',NULL),(152,'Morocco','MA','MAR','212','Rabat','Africa','UTC','https://restcountries.eu/data/mar.svg','32','-5','MAD','Moroccan dirham','د.م.',NULL),(153,'Mozambique','MZ','MOZ','258','Maputo','Africa','UTC+02:00','https://restcountries.eu/data/moz.svg','-18.25','35','MZN','Mozambican metical','MT',NULL),(154,'Myanmar','MM','MMR','95','Naypyidaw','Asia','UTC+06:30','https://restcountries.eu/data/mmr.svg','22','98','MMK','Burmese kyat','Ks',NULL),(155,'Namibia','NA','NAM','264','Windhoek','Africa','UTC+01:00','https://restcountries.eu/data/nam.svg','-22','17','NAD','Namibian dollar','$',NULL),(156,'Nauru','NR','NRU','674','Yaren','Oceania','UTC+12:00','https://restcountries.eu/data/nru.svg','-0.53333333','166.91666666','AUD','Australian dollar','$',NULL),(157,'Nepal','NP','NPL','977','Kathmandu','Asia','UTC+05:45','https://restcountries.eu/data/npl.svg','28','84','NPR','Nepalese rupee','₨',NULL),(158,'Netherlands','NL','NLD','31','Amsterdam','Europe','UTC-04:00','https://restcountries.eu/data/nld.svg','52.5','5.75','EUR','Euro','€',NULL),(159,'New Caledonia','NC','NCL','687','Nouméa','Oceania','UTC+11:00','https://restcountries.eu/data/ncl.svg','-21.5','165.5','XPF','CFP franc','Fr',NULL),(160,'New Zealand','NZ','NZL','64','Wellington','Oceania','UTC-11:00','https://restcountries.eu/data/nzl.svg','-41','174','NZD','New Zealand dollar','$',NULL),(161,'Nicaragua','NI','NIC','505','Managua','Americas','UTC-06:00','https://restcountries.eu/data/nic.svg','13','-85','NIO','Nicaraguan córdoba','C$',NULL),(162,'Niger','NE','NER','227','Niamey','Africa','UTC+01:00','https://restcountries.eu/data/ner.svg','16','8','XOF','West African CFA franc','Fr',NULL),(163,'Nigeria','NG','NGA','234','Abuja','Africa','UTC+01:00','https://restcountries.eu/data/nga.svg','10','8','NGN','Nigerian naira','₦',NULL),(164,'Niue','NU','NIU','683','Alofi','Oceania','UTC-11:00','https://restcountries.eu/data/niu.svg','-19.03333333','-169.86666666','NZD','New Zealand dollar','$',NULL),(165,'Norfolk Island','NF','NFK','672','Kingston','Oceania','UTC+11:30','https://restcountries.eu/data/nfk.svg','-29.03333333','167.95','AUD','Australian dollar','$',NULL),(166,'Korea (Democratic People\'s Republic of)','KP','PRK','850','Pyongyang','Asia','UTC+09:00','https://restcountries.eu/data/prk.svg','40','127','KPW','North Korean won','₩',NULL),(167,'Northern Mariana Islands','MP','MNP','1670','Saipan','Oceania','UTC+10:00','https://restcountries.eu/data/mnp.svg','15.2','145.75','USD','United States dollar','$',NULL),(168,'Norway','NO','NOR','47','Oslo','Europe','UTC+01:00','https://restcountries.eu/data/nor.svg','62','10','NOK','Norwegian krone','kr',NULL),(169,'Oman','OM','OMN','968','Muscat','Asia','UTC+04:00','https://restcountries.eu/data/omn.svg','21','57','OMR','Omani rial','ر.ع.',NULL),(170,'Pakistan','PK','PAK','92','Islamabad','Asia','UTC+05:00','https://restcountries.eu/data/pak.svg','30','70','PKR','Pakistani rupee','₨',NULL),(171,'Palau','PW','PLW','680','Ngerulmud','Oceania','UTC+09:00','https://restcountries.eu/data/plw.svg','7.5','134.5','(none)','[E]','$',NULL),(172,'Palestine, State of','PS','PSE','970','Ramallah','Asia','UTC+02:00','https://restcountries.eu/data/pse.svg','31.9','35.2','ILS','Israeli new sheqel','₪',NULL),(173,'Panama','PA','PAN','507','Panama City','Americas','UTC-05:00','https://restcountries.eu/data/pan.svg','9','-80','PAB','Panamanian balboa','B/.',NULL),(174,'Papua New Guinea','PG','PNG','675','Port Moresby','Oceania','UTC+10:00','https://restcountries.eu/data/png.svg','-6','147','PGK','Papua New Guinean kina','K',NULL),(175,'Paraguay','PY','PRY','595','Asunción','Americas','UTC-04:00','https://restcountries.eu/data/pry.svg','-23','-58','PYG','Paraguayan guaraní','₲',NULL),(176,'Peru','PE','PER','51','Lima','Americas','UTC-05:00','https://restcountries.eu/data/per.svg','-10','-76','PEN','Peruvian sol','S/.',NULL),(177,'Philippines','PH','PHL','63','Manila','Asia','UTC+08:00','https://restcountries.eu/data/phl.svg','13','122','PHP','Philippine peso','₱',NULL),(178,'Pitcairn','PN','PCN','64','Adamstown','Oceania','UTC-08:00','https://restcountries.eu/data/pcn.svg','-25.06666666','-130.1','NZD','New Zealand dollar','$',NULL),(179,'Poland','PL','POL','48','Warsaw','Europe','UTC+01:00','https://restcountries.eu/data/pol.svg','52','20','PLN','Polish złoty','zł',NULL),(180,'Portugal','PT','PRT','351','Lisbon','Europe','UTC-01:00','https://restcountries.eu/data/prt.svg','39.5','-8','EUR','Euro','€',NULL),(181,'Puerto Rico','PR','PRI','1787','San Juan','Americas','UTC-04:00','https://restcountries.eu/data/pri.svg','18.25','-66.5','USD','United States dollar','$',NULL),(182,'Qatar','QA','QAT','974','Doha','Asia','UTC+03:00','https://restcountries.eu/data/qat.svg','25.5','51.25','QAR','Qatari riyal','ر.ق',NULL),(183,'Republic of Kosovo','XK','KOS','383','Pristina','Europe','UTC+01:00','https://restcountries.eu/data/kos.svg','42.666667','21.166667','EUR','Euro','€',NULL),(184,'Réunion','RE','REU','262','Saint-Denis','Africa','UTC+04:00','https://restcountries.eu/data/reu.svg','-21.15','55.5','EUR','Euro','€',NULL),(185,'Romania','RO','ROU','40','Bucharest','Europe','UTC+02:00','https://restcountries.eu/data/rou.svg','46','25','RON','Romanian leu','lei',NULL),(186,'Russian Federation','RU','RUS','7','Moscow','Europe','UTC+03:00','https://restcountries.eu/data/rus.svg','60','100','RUB','Russian ruble','₽',NULL),(187,'Rwanda','RW','RWA','250','Kigali','Africa','UTC+02:00','https://restcountries.eu/data/rwa.svg','-2','30','RWF','Rwandan franc','Fr',NULL),(188,'Saint Barthélemy','BL','BLM','590','Gustavia','Americas','UTC-04:00','https://restcountries.eu/data/blm.svg','18.5','-63.41666666','EUR','Euro','€',NULL),(189,'Saint Helena, Ascension and Tristan da Cunha','SH','SHN','290','Jamestown','Africa','UTC+00:00','https://restcountries.eu/data/shn.svg','-15.95','-5.7','SHP','Saint Helena pound','£',NULL),(190,'Saint Kitts and Nevis','KN','KNA','1869','Basseterre','Americas','UTC-04:00','https://restcountries.eu/data/kna.svg','17.33333333','-62.75','XCD','East Caribbean dollar','$',NULL),(191,'Saint Lucia','LC','LCA','1758','Castries','Americas','UTC-04:00','https://restcountries.eu/data/lca.svg','13.88333333','-60.96666666','XCD','East Caribbean dollar','$',NULL),(192,'Saint Martin (French part)','MF','MAF','590','Marigot','Americas','UTC-04:00','https://restcountries.eu/data/maf.svg','18.08333333','-63.95','EUR','Euro','€',NULL),(193,'Saint Pierre and Miquelon','PM','SPM','508','Saint-Pierre','Americas','UTC-03:00','https://restcountries.eu/data/spm.svg','46.83333333','-56.33333333','EUR','Euro','€',NULL),(194,'Saint Vincent and the Grenadines','VC','VCT','1784','Kingstown','Americas','UTC-04:00','https://restcountries.eu/data/vct.svg','13.25','-61.2','XCD','East Caribbean dollar','$',NULL),(195,'Samoa','WS','WSM','685','Apia','Oceania','UTC+13:00','https://restcountries.eu/data/wsm.svg','-13.58333333','-172.33333333','WST','Samoan tālā','T',NULL),(196,'San Marino','SM','SMR','378','City of San Marino','Europe','UTC+01:00','https://restcountries.eu/data/smr.svg','43.76666666','12.41666666','EUR','Euro','€',NULL),(197,'Sao Tome and Principe','ST','STP','239','São Tomé','Africa','UTC','https://restcountries.eu/data/stp.svg','1','7','STD','São Tomé and Príncipe dobra','Db',NULL),(198,'Saudi Arabia','SA','SAU','966','Riyadh','Asia','UTC+03:00','https://restcountries.eu/data/sau.svg','25','45','SAR','Saudi riyal','ر.س',NULL),(199,'Senegal','SN','SEN','221','Dakar','Africa','UTC','https://restcountries.eu/data/sen.svg','14','-14','XOF','West African CFA franc','Fr',NULL),(200,'Serbia','RS','SRB','381','Belgrade','Europe','UTC+01:00','https://restcountries.eu/data/srb.svg','44','21','RSD','Serbian dinar','дин.',NULL),(201,'Seychelles','SC','SYC','248','Victoria','Africa','UTC+04:00','https://restcountries.eu/data/syc.svg','-4.58333333','55.66666666','SCR','Seychellois rupee','₨',NULL),(202,'Sierra Leone','SL','SLE','232','Freetown','Africa','UTC','https://restcountries.eu/data/sle.svg','8.5','-11.5','SLL','Sierra Leonean leone','Le',NULL),(203,'Singapore','SG','SGP','65','Singapore','Asia','UTC+08:00','https://restcountries.eu/data/sgp.svg','1.36666666','103.8','BND','Brunei dollar','$',NULL),(204,'Sint Maarten (Dutch part)','SX','SXM','1721','Philipsburg','Americas','UTC-04:00','https://restcountries.eu/data/sxm.svg','18.033333','-63.05','ANG','Netherlands Antillean guilder','ƒ',NULL),(205,'Slovakia','SK','SVK','421','Bratislava','Europe','UTC+01:00','https://restcountries.eu/data/svk.svg','48.66666666','19.5','EUR','Euro','€',NULL),(206,'Slovenia','SI','SVN','386','Ljubljana','Europe','UTC+01:00','https://restcountries.eu/data/svn.svg','46.11666666','14.81666666','EUR','Euro','€',NULL),(207,'Solomon Islands','SB','SLB','677','Honiara','Oceania','UTC+11:00','https://restcountries.eu/data/slb.svg','-8','159','SBD','Solomon Islands dollar','$',NULL),(208,'Somalia','SO','SOM','252','Mogadishu','Africa','UTC+03:00','https://restcountries.eu/data/som.svg','10','49','SOS','Somali shilling','Sh',NULL),(209,'South Africa','ZA','ZAF','27','Pretoria','Africa','UTC+02:00','https://restcountries.eu/data/zaf.svg','-29','24','ZAR','South African rand','R',NULL),(210,'South Georgia and the South Sandwich Islands','GS','SGS','500','King Edward Point','Americas','UTC-02:00','https://restcountries.eu/data/sgs.svg','-54.5','-37','GBP','British pound','£',NULL),(211,'Korea (Republic of)','KR','KOR','82','Seoul','Asia','UTC+09:00','https://restcountries.eu/data/kor.svg','37','127.5','KRW','South Korean won','₩',NULL),(212,'South Sudan','SS','SSD','211','Juba','Africa','UTC+03:00','https://restcountries.eu/data/ssd.svg','7','30','SSP','South Sudanese pound','£',NULL),(213,'Spain','ES','ESP','34','Madrid','Europe','UTC','https://restcountries.eu/data/esp.svg','40','-4','EUR','Euro','€',NULL),(214,'Sri Lanka','LK','LKA','94','Colombo','Asia','UTC+05:30','https://restcountries.eu/data/lka.svg','7','81','LKR','Sri Lankan rupee','Rs',NULL),(215,'Sudan','SD','SDN','249','Khartoum','Africa','UTC+03:00','https://restcountries.eu/data/sdn.svg','15','30','SDG','Sudanese pound','ج.س.',NULL),(216,'Suriname','SR','SUR','597','Paramaribo','Americas','UTC-03:00','https://restcountries.eu/data/sur.svg','4','-56','SRD','Surinamese dollar','$',NULL),(217,'Svalbard and Jan Mayen','SJ','SJM','4779','Longyearbyen','Europe','UTC+01:00','https://restcountries.eu/data/sjm.svg','78','20','NOK','Norwegian krone','kr',NULL),(218,'Swaziland','SZ','SWZ','268','Lobamba','Africa','UTC+02:00','https://restcountries.eu/data/swz.svg','-26.5','31.5','SZL','Swazi lilangeni','L',NULL),(219,'Sweden','SE','SWE','46','Stockholm','Europe','UTC+01:00','https://restcountries.eu/data/swe.svg','62','15','SEK','Swedish krona','kr',NULL),(220,'Switzerland','CH','CHE','41','Bern','Europe','UTC+01:00','https://restcountries.eu/data/che.svg','47','8','CHF','Swiss franc','Fr',NULL),(221,'Syrian Arab Republic','SY','SYR','963','Damascus','Asia','UTC+02:00','https://restcountries.eu/data/syr.svg','35','38','SYP','Syrian pound','£',NULL),(222,'Taiwan','TW','TWN','886','Taipei','Asia','UTC+08:00','https://restcountries.eu/data/twn.svg','23.5','121','TWD','New Taiwan dollar','$',NULL),(223,'Tajikistan','TJ','TJK','992','Dushanbe','Asia','UTC+05:00','https://restcountries.eu/data/tjk.svg','39','71','TJS','Tajikistani somoni','ЅМ',NULL),(224,'Tanzania, United Republic of','TZ','TZA','255','Dodoma','Africa','UTC+03:00','https://restcountries.eu/data/tza.svg','-6','35','TZS','Tanzanian shilling','Sh',NULL),(225,'Thailand','TH','THA','66','Bangkok','Asia','UTC+07:00','https://restcountries.eu/data/tha.svg','15','100','THB','Thai baht','฿',NULL),(226,'Timor-Leste','TL','TLS','670','Dili','Asia','UTC+09:00','https://restcountries.eu/data/tls.svg','-8.83333333','125.91666666','USD','United States dollar','$',NULL),(227,'Togo','TG','TGO','228','Lomé','Africa','UTC','https://restcountries.eu/data/tgo.svg','8','1.16666666','XOF','West African CFA franc','Fr',NULL),(228,'Tokelau','TK','TKL','690','Fakaofo','Oceania','UTC+13:00','https://restcountries.eu/data/tkl.svg','-9','-172','NZD','New Zealand dollar','$',NULL),(229,'Tonga','TO','TON','676','Nuku\'alofa','Oceania','UTC+13:00','https://restcountries.eu/data/ton.svg','-20','-175','TOP','Tongan paʻanga','T$',NULL),(230,'Trinidad and Tobago','TT','TTO','1868','Port of Spain','Americas','UTC-04:00','https://restcountries.eu/data/tto.svg','11','-61','TTD','Trinidad and Tobago dollar','$',NULL),(231,'Tunisia','TN','TUN','216','Tunis','Africa','UTC+01:00','https://restcountries.eu/data/tun.svg','34','9','TND','Tunisian dinar','د.ت',NULL),(232,'Turkey','TR','TUR','90','Ankara','Asia','UTC+03:00','https://restcountries.eu/data/tur.svg','39','35','TRY','Turkish lira','null',NULL),(233,'Turkmenistan','TM','TKM','993','Ashgabat','Asia','UTC+05:00','https://restcountries.eu/data/tkm.svg','40','60','TMT','Turkmenistan manat','m',NULL),(234,'Turks and Caicos Islands','TC','TCA','1649','Cockburn Town','Americas','UTC-04:00','https://restcountries.eu/data/tca.svg','21.75','-71.58333333','USD','United States dollar','$',NULL),(235,'Tuvalu','TV','TUV','688','Funafuti','Oceania','UTC+12:00','https://restcountries.eu/data/tuv.svg','-8','178','AUD','Australian dollar','$',NULL),(236,'Uganda','UG','UGA','256','Kampala','Africa','UTC+03:00','https://restcountries.eu/data/uga.svg','1','32','UGX','Ugandan shilling','Sh',NULL),(237,'Ukraine','UA','UKR','380','Kiev','Europe','UTC+02:00','https://restcountries.eu/data/ukr.svg','49','32','UAH','Ukrainian hryvnia','₴',NULL),(238,'United Arab Emirates','AE','ARE','971','Abu Dhabi','Asia','UTC+04','https://restcountries.eu/data/are.svg','24','54','AED','United Arab Emirates dirham','د.إ',NULL),(239,'United Kingdom of Great Britain and Northern Ireland','GB','GBR','44','London','Europe','UTC-08:00','https://restcountries.eu/data/gbr.svg','54','-2','GBP','British pound','£',NULL),(240,'United States of America','US','USA','1','Washington, D.C.','Americas','UTC-12:00','https://restcountries.eu/data/usa.svg','38','-97','USD','United States dollar','$',NULL),(241,'Uruguay','UY','URY','598','Montevideo','Americas','UTC-03:00','https://restcountries.eu/data/ury.svg','-33','-56','UYU','Uruguayan peso','$',NULL),(242,'Uzbekistan','UZ','UZB','998','Tashkent','Asia','UTC+05:00','https://restcountries.eu/data/uzb.svg','41','64','UZS','Uzbekistani so\'m','null',NULL),(243,'Vanuatu','VU','VUT','678','Port Vila','Oceania','UTC+11:00','https://restcountries.eu/data/vut.svg','-16','167','VUV','Vanuatu vatu','Vt',NULL),(244,'Venezuela (Bolivarian Republic of)','VE','VEN','58','Caracas','Americas','UTC-04:00','https://restcountries.eu/data/ven.svg','8','-66','VEF','Venezuelan bolívar','Bs F',NULL),(245,'Viet Nam','VN','VNM','84','Hanoi','Asia','UTC+07:00','https://restcountries.eu/data/vnm.svg','16.16666666','107.83333333','VND','Vietnamese đồng','₫',NULL),(246,'Wallis and Futuna','WF','WLF','681','Mata-Utu','Oceania','UTC+12:00','https://restcountries.eu/data/wlf.svg','-13.3','-176.2','XPF','CFP franc','Fr',NULL),(247,'Western Sahara','EH','ESH','212','El Aaiún','Africa','UTC+00:00','https://restcountries.eu/data/esh.svg','24.5','-13','MAD','Moroccan dirham','د.م.',NULL),(248,'Yemen','YE','YEM','967','Sana\'a','Asia','UTC+03:00','https://restcountries.eu/data/yem.svg','15','48','YER','Yemeni rial','﷼',NULL),(249,'Zambia','ZM','ZMB','260','Lusaka','Africa','UTC+02:00','https://restcountries.eu/data/zmb.svg','-15','30','ZMW','Zambian kwacha','ZK',NULL),(250,'Zimbabwe','ZW','ZWE','263','Harare','Africa','UTC+02:00','https://restcountries.eu/data/zwe.svg','-20','30','BWP','Botswana pula','P',NULL);
/*!40000 ALTER TABLE `country` ENABLE KEYS */;
UNLOCK TABLES;

--
-- Table structure for table `hibernate_sequence`
--

DROP TABLE IF EXISTS `hibernate_sequence`;
/*!40101 SET @saved_cs_client     = @@character_set_client */;
/*!40101 SET character_set_client = utf8 */;
CREATE TABLE `hibernate_sequence` (
  `next_val` bigint(20) DEFAULT NULL
) ENGINE=InnoDB DEFAULT CHARSET=utf8mb4;
/*!40101 SET character_set_client = @saved_cs_client */;

--
-- Dumping data for table `hibernate_sequence`
--

LOCK TABLES `hibernate_sequence` WRITE;
/*!40000 ALTER TABLE `hibernate_sequence` DISABLE KEYS */;
INSERT INTO `hibernate_sequence` VALUES (250),(250),(250),(250),(250);
/*!40000 ALTER TABLE `hibernate_sequence` ENABLE KEYS */;
UNLOCK TABLES;

--
-- Table structure for table `proxy`
--

DROP TABLE IF EXISTS `proxy`;
/*!40101 SET @saved_cs_client     = @@character_set_client */;
/*!40101 SET character_set_client = utf8 */;
CREATE TABLE `proxy` (
  `id` int(11) NOT NULL,
  `first_found` datetime DEFAULT NULL,
  `ip` varchar(255) DEFAULT NULL,
  `last_basic_functionality_test` datetime DEFAULT NULL,
  `last_found` datetime DEFAULT NULL,
  `port` int(11) DEFAULT NULL,
  `protocol` varchar(255) DEFAULT NULL,
  `speed` double DEFAULT NULL,
  `anonymity_id` int(11) DEFAULT NULL,
  `country_id` int(11) DEFAULT NULL,
  `provider_id` int(11) DEFAULT NULL,
  `last_basic_functionality_test_detail` varchar(255) DEFAULT NULL,
  `testurl` varchar(255) DEFAULT NULL,
  PRIMARY KEY (`id`),
  UNIQUE KEY `UK_48v8e96f545j0g5q3umx6r8je` (`ip`),
  KEY `FK6xow8wbsj93aj9ad2o21n7hpn` (`anonymity_id`),
  KEY `FKl4fgdaglv6nsqm9mfuq4t3bc1` (`country_id`),
  KEY `FK2hcnv55up82it2gx8125o3xss` (`provider_id`),
  CONSTRAINT `FK2hcnv55up82it2gx8125o3xss` FOREIGN KEY (`provider_id`) REFERENCES `proxy_provider` (`id`),
  CONSTRAINT `FK6xow8wbsj93aj9ad2o21n7hpn` FOREIGN KEY (`anonymity_id`) REFERENCES `anonymity` (`id`),
  CONSTRAINT `FKl4fgdaglv6nsqm9mfuq4t3bc1` FOREIGN KEY (`country_id`) REFERENCES `country` (`id`)
) ENGINE=InnoDB DEFAULT CHARSET=utf8mb4;
/*!40101 SET character_set_client = @saved_cs_client */;

--
-- Dumping data for table `proxy`
--

LOCK TABLES `proxy` WRITE;
/*!40000 ALTER TABLE `proxy` DISABLE KEYS */;
INSERT INTO `proxy` VALUES (1,'2020-06-28 18:04:23','137.220.54.158',NULL,'2020-06-28 18:04:23',8080,'http',NULL,2,240,1,'Connection refused: connect','https://proxy-orbit1.p.rapidapi.com/v1/'),(2,'2020-06-15 18:04:23','13.231.210.169',NULL,'2020-06-28 18:04:23',3128,'http',NULL,2,115,1,'Connection timed out: connect','https://proxy-orbit1.p.rapidapi.com/v1/'),(4,'2020-06-28 18:04:23','103.139.103.34','2020-06-28 20:55:40','2020-06-28 18:04:23',3129,'http',NULL,2,245,1,NULL,'https://proxy-orbit1.p.rapidapi.com/v1/'),(5,'2020-06-28 18:04:23','18.132.18.81','2020-06-28 20:55:40','2020-06-15 18:04:23',80,NULL,0.2,1,240,2,NULL,'https://proxy11.com/api/proxy.json'),(6,'2020-06-28 18:04:23','104.28.16.194','2020-06-28 20:55:40','2020-06-28 18:04:23',80,NULL,0.21,2,240,2,NULL,'https://proxy11.com/api/proxy.json'),(7,'2020-06-28 18:04:23','1.1.1.190','2020-06-28 20:55:40','2020-06-28 18:04:23',80,NULL,0.24,2,240,2,NULL,'https://proxy11.com/api/proxy.json'),(8,'2020-06-28 18:04:23','1.1.1.20','2020-06-28 20:55:41','2020-06-28 18:04:23',80,NULL,0.13,2,240,2,NULL,'https://proxy11.com/api/proxy.json'),(9,'2020-06-28 18:04:23','1.0.0.45','2020-06-28 20:55:41','2020-06-28 18:04:23',80,NULL,0.16,2,240,2,NULL,'https://proxy11.com/api/proxy.json'),(10,'2020-06-28 18:04:23','162.159.247.205','2020-06-28 20:55:41','2020-06-28 18:04:23',80,NULL,0.2,2,240,2,NULL,'https://proxy11.com/api/proxy.json'),(11,'2020-06-28 18:04:23','1.1.1.124','2020-06-28 20:55:41','2020-06-28 18:04:23',80,NULL,0.15,2,240,2,NULL,'https://proxy11.com/api/proxy.json'),(12,'2020-06-28 18:04:23','1.1.1.128','2020-06-28 20:55:41','2020-06-28 18:04:23',80,NULL,0.17,2,240,2,NULL,'https://proxy11.com/api/proxy.json'),(13,'2020-06-28 18:04:23','1.1.1.126','2020-06-28 20:55:41','2020-06-28 18:04:23',80,NULL,0.18,2,240,2,NULL,'https://proxy11.com/api/proxy.json'),(14,'2020-06-28 18:04:23','1.0.0.71','2020-06-28 20:55:41','2020-06-28 18:04:23',80,NULL,0.24,2,240,2,NULL,'https://proxy11.com/api/proxy.json'),(15,'2020-06-28 18:04:23','1.1.1.122','2020-06-28 20:55:41','2020-06-21 18:04:23',80,NULL,0.24,2,240,2,NULL,'https://proxy11.com/api/proxy.json'),(16,'2020-06-28 18:04:23','1.0.0.5','2020-06-28 20:55:42','2020-06-28 18:04:23',80,NULL,0.26,2,240,2,NULL,'https://proxy11.com/api/proxy.json'),(17,'2020-06-28 18:04:23','1.0.0.171','2020-06-28 20:55:42','2020-06-28 18:04:23',80,NULL,0.25,2,240,2,NULL,'https://proxy11.com/api/proxy.json'),(18,'2020-06-28 18:04:23','1.1.1.120','2020-06-28 20:55:42','2020-06-28 18:04:23',80,NULL,0.24,2,240,2,NULL,'https://proxy11.com/api/proxy.json'),(19,'2020-06-28 18:04:23','78.47.35.255','2020-06-28 20:55:42','2020-06-28 18:04:23',3128,NULL,0.21,2,85,2,NULL,'https://proxy11.com/api/proxy.json'),(20,'2020-06-28 18:04:23','1.0.0.67','2020-06-28 20:55:42','2020-06-28 18:04:23',80,NULL,0.22,2,240,2,NULL,'https://proxy11.com/api/proxy.json'),(21,'2020-06-28 18:04:23','1.0.0.92','2020-06-28 20:55:42','2020-06-28 18:04:23',80,NULL,0.17,2,240,2,NULL,'https://proxy11.com/api/proxy.json'),(22,'2020-06-28 18:04:23','104.28.10.80','2020-06-28 20:55:43','2020-06-28 18:04:23',80,NULL,0.18,2,240,2,NULL,'https://proxy11.com/api/proxy.json'),(23,'2020-06-28 18:04:23','159.8.114.37',NULL,'2020-06-28 18:04:23',8123,'http',9,1,240,4,'Unable to tunnel through proxy. Proxy returns \"HTTP/1.1 403 Forbidden\"','http://pubproxy.com/api/proxy'),(24,'2020-06-28 18:04:23','104.28.8.99','2020-06-28 20:55:43','2020-06-28 18:04:23',80,NULL,0.06,2,240,2,NULL,'https://proxy11.com/api/proxy.json'),(25,'2020-06-28 18:04:23','1.0.0.116','2020-06-28 20:55:43','2020-06-28 18:04:23',80,NULL,0.1,2,240,2,NULL,'https://proxy11.com/api/proxy.json'),(26,'2020-06-28 18:04:23','1.1.1.215','2020-06-28 20:55:43','2020-06-28 18:04:23',80,NULL,0.06,2,240,2,NULL,'https://proxy11.com/api/proxy.json'),(27,'2020-06-28 18:04:23','118.69.50.154','2020-06-28 20:55:43','2020-06-28 18:04:23',443,NULL,0.98,1,245,2,NULL,'https://proxy11.com/api/proxy.json'),(28,'2020-06-28 18:04:23','80.240.27.153','2020-06-28 20:55:44','2020-06-28 18:04:23',8080,NULL,0.4,2,85,2,NULL,'https://proxy11.com/api/proxy.json'),(29,'2020-06-28 18:04:23','1.1.1.74','2020-06-28 20:55:44','2020-06-28 18:04:23',80,NULL,0.04,2,240,2,NULL,'https://proxy11.com/api/proxy.json'),(30,'2020-06-28 18:04:23','104.28.30.23','2020-06-28 20:55:44','2020-06-28 18:04:23',80,NULL,0.1,2,240,2,NULL,'https://proxy11.com/api/proxy.json'),(31,'2020-06-28 18:04:23','95.179.129.244','2020-06-28 20:55:44','2020-06-28 18:04:23',8080,NULL,0.33,2,158,2,NULL,'https://proxy11.com/api/proxy.json'),(32,'2020-06-28 18:04:23','104.28.24.56','2020-06-28 20:55:44','2020-06-28 18:04:23',80,NULL,0.11,2,240,2,NULL,'https://proxy11.com/api/proxy.json'),(33,'2020-06-28 18:04:23','1.0.0.36','2020-06-28 20:55:44','2020-06-28 18:04:23',80,NULL,0.04,2,240,2,NULL,'https://proxy11.com/api/proxy.json'),(34,'2020-06-28 18:04:23','1.1.1.10','2020-06-28 20:55:45','2020-06-28 18:04:23',80,NULL,0.08,2,240,2,NULL,'https://proxy11.com/api/proxy.json'),(35,'2020-06-28 18:04:23','1.1.1.35','2020-06-28 20:55:45','2020-06-28 18:04:23',80,NULL,0.05,2,240,2,NULL,'https://proxy11.com/api/proxy.json'),(36,'2020-06-28 18:04:23','167.172.152.115','2020-06-28 20:55:45','2020-06-28 18:04:23',8080,NULL,0.37,1,240,2,NULL,'https://proxy11.com/api/proxy.json'),(37,'2020-06-28 18:04:23','104.28.25.7','2020-06-28 20:55:45','2020-06-28 18:04:23',80,NULL,0.06,2,240,2,NULL,'https://proxy11.com/api/proxy.json'),(38,'2020-06-28 18:04:23','185.184.243.187','2020-06-28 20:55:45','2020-06-28 18:04:23',5836,NULL,4.35,2,185,2,NULL,'https://proxy11.com/api/proxy.json'),(39,'2020-06-28 18:04:23','203.202.245.62','2020-06-28 20:55:45','2020-06-28 18:04:23',80,NULL,0.83,1,19,2,NULL,'https://proxy11.com/api/proxy.json'),(40,'2020-06-28 18:04:23','1.0.0.50','2020-06-28 20:55:46','2020-06-28 18:04:23',80,NULL,0.02,2,240,2,NULL,'https://proxy11.com/api/proxy.json'),(41,'2020-06-28 18:04:23','45.77.155.249','2020-06-28 20:55:46','2020-06-28 18:04:23',8080,NULL,0.38,2,240,2,NULL,'https://proxy11.com/api/proxy.json'),(42,'2020-06-28 18:04:23','185.130.105.105','2020-06-28 20:55:46','2020-06-28 18:04:23',65014,NULL,0.32,1,158,2,NULL,'https://proxy11.com/api/proxy.json'),(43,'2020-06-28 18:04:23','109.224.55.10','2020-06-28 20:55:46','2020-06-28 18:04:23',34082,NULL,1.4,1,109,2,NULL,'https://proxy11.com/api/proxy.json'),(44,'2020-06-28 18:04:23','150.129.250.28','2020-06-28 20:55:46','2020-06-28 18:04:23',33846,NULL,5.92,1,105,2,NULL,'https://proxy11.com/api/proxy.json'),(45,'2020-06-28 18:04:23','1.0.0.47','2020-06-28 20:55:46','2020-06-28 18:04:23',80,NULL,0.09,2,240,2,NULL,'https://proxy11.com/api/proxy.json'),(46,'2020-06-28 18:04:23','212.115.109.214','2020-06-28 20:55:46','2020-06-28 18:04:23',80,NULL,0.22,1,85,2,NULL,'https://proxy11.com/api/proxy.json'),(47,'2020-06-28 18:04:23','162.159.242.14','2020-06-28 20:55:47','2020-06-28 18:04:23',80,NULL,0.04,2,240,2,NULL,'https://proxy11.com/api/proxy.json'),(48,'2020-06-28 18:04:23','1.1.1.56','2020-06-28 20:55:47','2020-06-28 18:04:23',80,NULL,0.06,2,240,2,NULL,'https://proxy11.com/api/proxy.json'),(49,'2020-06-28 18:04:23','1.1.1.119','2020-06-28 20:55:47','2020-06-28 18:04:23',80,NULL,0.09,2,240,2,NULL,'https://proxy11.com/api/proxy.json'),(50,'2020-06-28 18:04:23','1.0.0.61','2020-06-28 20:55:47','2020-06-28 18:04:23',80,NULL,0.13,2,240,2,NULL,'https://proxy11.com/api/proxy.json'),(51,'2020-06-28 18:04:23','1.0.0.69','2020-06-28 20:55:47','2020-06-28 18:04:23',80,NULL,0.12,2,240,2,NULL,'https://proxy11.com/api/proxy.json'),(52,'2020-06-28 18:04:23','1.0.0.130','2020-06-28 20:55:47','2020-06-28 18:04:23',80,NULL,0.08,2,240,2,NULL,'https://proxy11.com/api/proxy.json'),(53,'2020-06-28 18:04:23','1.0.0.114','2020-06-28 20:55:47','2020-06-28 18:04:23',80,NULL,0.06,2,240,2,NULL,'https://proxy11.com/api/proxy.json'),(54,'2020-06-28 18:04:23','1.1.1.52','2020-06-28 20:55:47','2020-06-28 18:04:23',80,NULL,0.08,2,240,2,NULL,'https://proxy11.com/api/proxy.json'),(55,'2020-06-28 18:04:23','1.1.1.58','2020-06-28 20:55:48','2020-06-28 18:04:23',80,NULL,0.1,2,240,2,NULL,'https://proxy11.com/api/proxy.json'),(56,'2020-06-28 18:04:23','185.184.243.118','2020-06-28 20:42:23','2020-06-28 18:04:23',5836,NULL,0.64,2,185,2,NULL,NULL),(57,'2020-06-28 18:04:23','1.1.1.167','2020-06-28 20:42:23','2020-06-28 18:04:23',80,NULL,0.04,2,240,2,NULL,NULL),(58,'2020-06-28 18:04:23','112.78.191.35','2020-06-28 20:42:24','2020-06-28 18:04:23',8085,NULL,2.27,2,106,2,NULL,NULL),(59,'2020-06-28 18:04:23','109.87.40.23','2020-06-28 20:42:24','2020-06-28 18:04:23',33879,NULL,2.12,1,237,2,NULL,NULL),(60,'2020-06-28 18:04:23','88.198.24.108','2020-06-28 20:42:24','2020-06-28 18:04:23',3128,NULL,0.09,1,85,2,NULL,NULL),(61,'2020-06-28 18:04:23','1.1.1.217','2020-06-28 20:42:24','2020-06-28 18:04:23',80,NULL,0.07,2,240,2,NULL,NULL),(62,'2020-06-28 18:04:23','1.1.1.150','2020-06-28 20:42:24','2020-06-28 18:04:23',80,NULL,0.06,2,240,2,NULL,NULL),(63,'2020-06-28 18:04:23','104.28.7.209','2020-06-28 20:42:25','2020-06-28 18:04:23',80,NULL,0.06,2,240,2,NULL,NULL),(64,'2020-06-28 18:04:23','1.0.0.167','2020-06-28 20:42:25','2020-06-28 18:04:23',80,NULL,0.04,2,240,2,NULL,NULL),(65,'2020-06-28 18:04:23','1.0.0.149','2020-06-28 20:42:25','2020-06-28 18:04:23',80,NULL,0.03,2,240,2,NULL,NULL),(66,'2020-06-28 18:04:23','173.82.59.43','2020-06-28 20:42:25','2020-06-28 18:04:23',5836,NULL,4.72,2,240,2,NULL,NULL),(67,'2020-06-28 18:04:23','149.28.25.148','2020-06-28 20:42:26','2020-06-28 18:04:23',8080,NULL,1.02,2,240,2,NULL,NULL),(68,'2020-06-28 18:04:23','94.130.18.141','2020-06-28 20:42:26','2020-06-28 18:04:23',8080,NULL,5.06,2,85,2,NULL,NULL),(69,'2020-06-28 18:04:23','122.102.28.160','2020-06-28 20:42:26','2020-06-28 18:04:23',53281,NULL,2.43,2,105,2,NULL,NULL),(70,'2020-06-28 18:04:23','54.169.9.36','2020-06-28 20:42:26','2020-06-28 18:04:23',3128,NULL,1.38,1,203,2,NULL,NULL),(71,'2020-06-28 18:04:23','95.170.219.50','2020-06-28 20:42:26','2020-06-28 18:04:23',8080,NULL,1.36,2,109,2,NULL,NULL),(72,'2020-06-28 18:04:23','103.119.230.9','2020-06-28 20:42:26','2020-06-28 18:04:23',8080,NULL,1.44,2,106,2,NULL,NULL),(73,'2020-06-28 18:04:23','128.199.149.7','2020-06-28 20:42:27','2020-06-28 18:04:23',8080,NULL,2.04,2,203,2,NULL,NULL),(74,'2020-06-28 18:04:23','5.43.153.55','2020-06-28 20:42:27','2020-06-28 18:04:23',80,NULL,2.39,2,186,2,NULL,NULL),(75,'2020-06-28 18:04:23','210.245.54.97','2020-06-28 20:42:27','2020-06-28 18:04:23',8080,NULL,2.95,2,245,2,NULL,NULL),(76,'2020-06-28 18:04:23','212.156.55.34','2020-06-28 20:42:27','2020-06-28 18:04:23',8080,NULL,2.17,2,232,2,NULL,NULL),(77,'2020-06-28 18:04:23','213.238.182.92','2020-06-28 20:42:27','2020-06-28 18:04:23',5836,NULL,2.45,2,232,2,NULL,NULL),(78,'2020-06-28 18:04:23','51.158.31.137','2020-06-28 20:42:27','2020-06-28 18:04:23',5836,NULL,2.07,2,78,2,NULL,NULL),(79,'2020-06-28 18:04:23','1.1.1.78','2020-06-28 20:42:27','2020-06-28 18:04:23',80,NULL,0.07,2,240,2,NULL,NULL),(80,'2020-06-28 18:04:23','111.171.134.54',NULL,'2020-06-28 18:04:23',3128,'http',NULL,2,115,1,'Connection timed out: connect',NULL),(81,'2020-06-28 18:04:23','54.66.211.186',NULL,'2020-06-28 18:04:23',3128,'http',NULL,2,14,1,NULL,NULL),(82,'2020-06-28 18:04:23','52.229.169.31',NULL,'2020-06-28 18:04:23',3128,'http',NULL,2,102,1,NULL,NULL),(83,'2020-06-28 18:04:23','45.77.138.34',NULL,'2020-06-28 18:04:23',8080,'http',NULL,2,158,1,NULL,NULL),(84,'2020-06-28 18:04:23','51.91.212.159',NULL,'2020-06-28 18:04:23',3128,'http',NULL,2,78,1,NULL,NULL),(85,'2020-06-28 18:04:23','1.10.189.84',NULL,'2020-06-28 18:04:23',35138,'http',20,1,225,4,NULL,NULL),(86,'2020-06-28 18:04:23','41.169.146.2',NULL,'2020-06-28 18:04:23',8080,'http',12,1,209,4,NULL,NULL),(87,'2020-06-28 18:04:23','169.57.1.84',NULL,'2020-06-28 18:04:23',8123,'http',9,1,240,4,NULL,NULL),(88,'2020-06-28 18:04:23','169.57.157.146',NULL,'2020-06-28 18:04:23',8123,'http',9,1,240,4,NULL,NULL),(89,'2020-06-12 18:04:23','119.15.95.158',NULL,'2020-06-12 18:04:23',8080,'http',NULL,2,41,1,'Connection timed out: connect',NULL);
/*!40000 ALTER TABLE `proxy` ENABLE KEYS */;
UNLOCK TABLES;

--
-- Table structure for table `proxy_provider`
--

DROP TABLE IF EXISTS `proxy_provider`;
/*!40101 SET @saved_cs_client     = @@character_set_client */;
/*!40101 SET character_set_client = utf8 */;
CREATE TABLE `proxy_provider` (
  `id` int(11) NOT NULL,
  `base_address` varchar(255) DEFAULT NULL,
  `error_indication` varchar(255) DEFAULT NULL,
  `last_attempt` datetime DEFAULT NULL,
  `last_successfull` datetime DEFAULT NULL,
  `number_of_records` int(11) DEFAULT NULL,
  PRIMARY KEY (`id`)
) ENGINE=InnoDB DEFAULT CHARSET=utf8mb4;
/*!40101 SET character_set_client = @saved_cs_client */;

--
-- Dumping data for table `proxy_provider`
--

LOCK TABLES `proxy_provider` WRITE;
/*!40000 ALTER TABLE `proxy_provider` DISABLE KEYS */;
INSERT INTO `proxy_provider` VALUES (1,'https://proxy-orbit1.p.rapidapi.com/v1/',NULL,'2020-06-28 18:26:24','2020-06-28 18:26:36',8),(2,'https://proxy11.com/api/proxy.json',NULL,'2020-06-28 18:29:19','2020-06-28 18:29:22',75),(3,'https://rapidapi.com/ugproxy/api/ugproxy','A JSONArray text must start with \'[\' at 1 [character 2 line 1]','2020-06-28 18:49:20','2020-06-28 19:13:38',13),(4,'http://pubproxy.com/api/proxy',NULL,'2020-06-28 19:13:27','2020-06-28 19:13:38',4),(5,'https://api.getproxylist.com/proxy',NULL,'2020-06-28 19:13:27','2020-06-28 19:13:27',15);
/*!40000 ALTER TABLE `proxy_provider` ENABLE KEYS */;
UNLOCK TABLES;

--
-- Table structure for table `proxy_provider_proxies`
--

DROP TABLE IF EXISTS `proxy_provider_proxies`;
/*!40101 SET @saved_cs_client     = @@character_set_client */;
/*!40101 SET character_set_client = utf8 */;
CREATE TABLE `proxy_provider_proxies` (
  `proxy_provider_id` int(11) NOT NULL,
  `proxies_id` int(11) NOT NULL,
  PRIMARY KEY (`proxy_provider_id`,`proxies_id`),
  UNIQUE KEY `UK_m2cwfiydw20prw4v2hylakebc` (`proxies_id`),
  CONSTRAINT `FK500o27uxc0k5iotovo09l41j7` FOREIGN KEY (`proxy_provider_id`) REFERENCES `proxy_provider` (`id`),
  CONSTRAINT `FKl4pk87itgskod6i62rd8a46sm` FOREIGN KEY (`proxies_id`) REFERENCES `proxy` (`id`)
) ENGINE=InnoDB DEFAULT CHARSET=utf8mb4;
/*!40101 SET character_set_client = @saved_cs_client */;

--
-- Dumping data for table `proxy_provider_proxies`
--

LOCK TABLES `proxy_provider_proxies` WRITE;
/*!40000 ALTER TABLE `proxy_provider_proxies` DISABLE KEYS */;
/*!40000 ALTER TABLE `proxy_provider_proxies` ENABLE KEYS */;
UNLOCK TABLES;

--
-- Table structure for table `testurl`
--

DROP TABLE IF EXISTS `testurl`;
/*!40101 SET @saved_cs_client     = @@character_set_client */;
/*!40101 SET character_set_client = utf8 */;
CREATE TABLE `testurl` (
  `id` int(11) NOT NULL,
  `url` varchar(255) DEFAULT NULL,
  `validation_details` varchar(255) DEFAULT NULL,
  `provider_id` int(11) DEFAULT NULL,
  PRIMARY KEY (`id`),
  KEY `FKrlru3beq1073g9krmy82c5c7e` (`provider_id`),
  CONSTRAINT `FKrlru3beq1073g9krmy82c5c7e` FOREIGN KEY (`provider_id`) REFERENCES `proxy_provider` (`id`)
) ENGINE=InnoDB DEFAULT CHARSET=utf8mb4;
/*!40101 SET character_set_client = @saved_cs_client */;

--
-- Dumping data for table `testurl`
--

LOCK TABLES `testurl` WRITE;
/*!40000 ALTER TABLE `testurl` DISABLE KEYS */;
INSERT INTO `testurl` VALUES (90,NULL,'Connection refused: connect',1),(91,NULL,'Connection timed out: connect',1),(92,NULL,'Valid',1),(93,NULL,'Valid',2),(94,NULL,'Valid',2),(95,NULL,'Valid',2),(96,NULL,'Valid',2),(97,NULL,'Valid',2),(98,NULL,'Valid',2),(99,NULL,'Valid',2),(100,NULL,'Valid',2),(101,NULL,'Valid',2),(102,NULL,'Valid',2),(103,NULL,'Valid',2),(104,NULL,'Valid',2),(105,NULL,'Valid',2),(106,NULL,'Valid',2),(107,NULL,'Valid',2),(108,NULL,'Valid',2),(109,NULL,'Valid',2),(110,NULL,'Valid',2),(111,NULL,'Unable to tunnel through proxy. Proxy returns \"HTTP/1.1 403 Forbidden\"',4),(112,NULL,'Valid',2),(113,NULL,'Valid',2),(114,NULL,'Valid',2),(115,NULL,'Valid',2),(117,NULL,'Connection refused: connect',1),(118,NULL,'Connection timed out: connect',1),(119,NULL,'Valid',1),(120,NULL,'Valid',2),(121,NULL,'Valid',2),(122,NULL,'Valid',2),(123,NULL,'Valid',2),(124,NULL,'Valid',2),(125,NULL,'Valid',2),(126,NULL,'Valid',2),(127,NULL,'Valid',2),(128,NULL,'Valid',2),(129,NULL,'Valid',2),(130,NULL,'Valid',2),(131,NULL,'Valid',2),(132,NULL,'Valid',2),(133,NULL,'Valid',2),(134,NULL,'Valid',2),(135,NULL,'Valid',2),(136,NULL,'Valid',2),(137,NULL,'Valid',2),(138,NULL,'Unable to tunnel through proxy. Proxy returns \"HTTP/1.1 403 Forbidden\"',4),(139,NULL,'Valid',2),(140,NULL,'Valid',2),(141,NULL,'Valid',2),(142,NULL,'Valid',2),(143,NULL,'Valid',2),(144,NULL,'Valid',2),(145,NULL,'Valid',2),(146,NULL,'Valid',2),(147,NULL,'Valid',2),(148,NULL,'Valid',2),(149,NULL,'Valid',2),(150,NULL,'Valid',2),(151,NULL,'Valid',2),(152,NULL,'Valid',2),(153,NULL,'Valid',2),(154,NULL,'Valid',2),(155,NULL,'Valid',2),(156,NULL,'Valid',2),(157,NULL,'Valid',2),(158,NULL,'Valid',2),(159,NULL,'Valid',2),(160,NULL,'Valid',2),(161,NULL,'Valid',2),(162,NULL,'Valid',2),(163,NULL,'Valid',2),(164,NULL,'Valid',2),(165,NULL,'Valid',2),(166,NULL,'Valid',2),(167,NULL,'Valid',2),(168,NULL,'Valid',2),(169,NULL,'Valid',2),(170,NULL,'Valid',2),(171,NULL,'Valid',2),(172,NULL,'Valid',2),(173,NULL,'Valid',2),(174,NULL,'Valid',2),(175,NULL,'Valid',2),(176,NULL,'Valid',2),(177,NULL,'Valid',2),(178,NULL,'Valid',2),(179,NULL,'Valid',2),(180,NULL,'Valid',2),(181,NULL,'Valid',2),(182,NULL,'Valid',2),(183,NULL,'Valid',2),(184,NULL,'Valid',2),(185,NULL,'Valid',2),(186,NULL,'Valid',2),(187,NULL,'Valid',2),(188,NULL,'Valid',2),(189,NULL,'Valid',2),(190,NULL,'Valid',2),(191,NULL,'Valid',2),(192,NULL,'Valid',2),(193,NULL,'Valid',2),(194,NULL,'Valid',2),(195,NULL,'Connection refused: connect',1),(196,NULL,'Connection timed out: connect',1),(197,NULL,'Valid',1),(198,NULL,'Valid',2),(199,NULL,'Valid',2),(200,NULL,'Valid',2),(201,NULL,'Valid',2),(202,NULL,'Valid',2),(203,NULL,'Valid',2),(204,NULL,'Valid',2),(205,NULL,'Valid',2),(206,NULL,'Valid',2),(207,NULL,'Valid',2),(208,NULL,'Valid',2),(209,NULL,'Valid',2),(210,NULL,'Valid',2),(211,NULL,'Valid',2),(212,NULL,'Valid',2),(213,NULL,'Valid',2),(214,NULL,'Valid',2),(215,NULL,'Valid',2),(216,NULL,'Unable to tunnel through proxy. Proxy returns \"HTTP/1.1 403 Forbidden\"',4),(217,NULL,'Valid',2),(218,NULL,'Valid',2),(219,NULL,'Valid',2),(220,NULL,'Valid',2),(221,NULL,'Valid',2),(222,NULL,'Valid',2),(223,NULL,'Valid',2),(224,NULL,'Valid',2),(225,NULL,'Valid',2),(226,NULL,'Valid',2),(227,NULL,'Valid',2),(228,NULL,'Valid',2),(229,NULL,'Valid',2),(230,NULL,'Valid',2),(231,NULL,'Valid',2),(232,NULL,'Valid',2),(233,NULL,'Valid',2),(234,NULL,'Valid',2),(235,NULL,'Valid',2),(236,NULL,'Valid',2),(237,NULL,'Valid',2),(238,NULL,'Valid',2),(239,NULL,'Valid',2),(240,NULL,'Valid',2),(241,NULL,'Valid',2),(242,NULL,'Valid',2),(243,NULL,'Valid',2),(244,NULL,'Valid',2),(245,NULL,'Valid',2),(246,NULL,'Valid',2),(247,NULL,'Valid',2),(248,NULL,'Valid',2);
/*!40000 ALTER TABLE `testurl` ENABLE KEYS */;
UNLOCK TABLES;
/*!40103 SET TIME_ZONE=@OLD_TIME_ZONE */;

/*!40101 SET SQL_MODE=@OLD_SQL_MODE */;
/*!40014 SET FOREIGN_KEY_CHECKS=@OLD_FOREIGN_KEY_CHECKS */;
/*!40014 SET UNIQUE_CHECKS=@OLD_UNIQUE_CHECKS */;
/*!40101 SET CHARACTER_SET_CLIENT=@OLD_CHARACTER_SET_CLIENT */;
/*!40101 SET CHARACTER_SET_RESULTS=@OLD_CHARACTER_SET_RESULTS */;
/*!40101 SET COLLATION_CONNECTION=@OLD_COLLATION_CONNECTION */;
/*!40111 SET SQL_NOTES=@OLD_SQL_NOTES */;

-- Dump completed on 2020-06-28 22:23:47
